2919,HC-SR04,0.00,0.00,ALERTA,0,0.00,100.00,cerca
3919,HC-SR04,0.00,0.00,ALERTA,0,0.00,100.00,cerca
4919,HC-SR04,0.00,0.00,ALERTA,0,0.00,100.00,cerca
5920,HC-SR04,0.00,0.00,ALERTA,0,0.00,100.00,cerca
6920,HC-SR04,0.00,0.00,ALERTA,0,0.00,100.00,cerca
7920,HC-SR04,0.00,0.00,ALERTA,0,0.00,100.00,cerca
8920,HC-SR04,0.00,0.00,ALERTA,0,0.00,100.00,cerca
9920,HC-SR04,0.00,0.00,ALERTA,0,0.00,100.00,cerca
10921,HC-SR04,35.72,4.46,ALERTA,0,0.00,100.00,cerca
11922,HC-SR04,35.70,8.93,ALERTA,0,0.00,100.00,cerca
12922,HC-SR04,35.70,13.39,ALERTA,0,0.00,100.00,cerca
13922,HC-SR04,18.68,15.73,ALERTA,0,0.00,100.00,cerca
14923,HC-SR04,18.70,18.06,ALERTA,0,0.00,100.00,cerca
15923,HC-SR04,18.70,20.40,ALERTA,0,0.00,100.00,cerca
16923,HC-SR04,18.70,22.74,ALERTA,0,0.00,100.00,cerca
17923,HC-SR04,18.70,25.07,OK,1,15004.00,93.75,lejos
18923,HC-SR04,162.67,40.94,OK,1,15004.00,88.24,lejos
19923,HC-SR04,162.72,56.82,OK,1,15004.00,83.33,lejos
20923,HC-SR04,162.64,72.69,OK,1,15004.00,78.95,lejos
21923,HC-SR04,162.74,90.70,OK,1,15004.00,75.00,lejos
22923,HC-SR04,162.61,108.69,OK,1,15004.00,71.43,lejos
23924,HC-SR04,46.90,112.21,OK,1,15004.00,68.18,lejos
24924,HC-SR04,46.89,115.73,OK,1,15004.00,65.22,lejos
25924,HC-SR04,46.90,119.26,OK,1,15004.00,62.50,lejos
26924,HC-SR04,0.00,98.93,OK,1,15004.00,60.00,lejos
27924,HC-SR04,0.00,78.58,OK,1,15004.00,57.69,lejos
28924,HC-SR04,0.00,58.25,OK,1,15004.00,55.56,lejos
29924,HC-SR04,0.00,37.91,OK,1,15004.00,53.57,lejos
30924,HC-SR04,0.00,17.59,ALERTA,1,15004.00,55.17,cerca
31924,HC-SR04,0.00,11.72,ALERTA,1,15004.00,56.67,cerca
32924,HC-SR04,0.00,5.86,ALERTA,1,15004.00,58.06,cerca
33925,HC-SR04,0.00,-0.00,ALERTA,1,15004.00,59.38,cerca
34925,HC-SR04,0.00,-0.00,ALERTA,1,15004.00,60.61,cerca
35925,HC-SR04,0.00,-0.00,ALERTA,1,15004.00,61.76,cerca
36925,HC-SR04,0.00,-0.00,ALERTA,1,15004.00,62.86,cerca
37925,HC-SR04,0.00,-0.00,ALERTA,1,15004.00,63.89,cerca
38925,HC-SR04,0.00,-0.00,ALERTA,1,15004.00,64.86,cerca
39925,HC-SR04,0.00,-0.00,ALERTA,1,15004.00,65.79,cerca
40925,HC-SR04,0.00,-0.00,ALERTA,1,15004.00,66.67,cerca
41926,HC-SR04,0.00,-0.00,ALERTA,1,15004.00,67.50,cerca
42927,HC-SR04,0.00,-0.00,ALERTA,1,15004.00,68.29,cerca
43927,HC-SR04,66.93,8.37,ALERTA,1,15004.00,69.05,cerca
44927,HC-SR04,42.50,13.68,ALERTA,1,15004.00,69.77,cerca
45927,HC-SR04,42.48,18.99,ALERTA,1,15004.00,70.45,cerca
46927,HC-SR04,17.99,21.24,ALERTA,1,15004.00,71.11,cerca
47928,HC-SR04,18.00,23.49,ALERTA,1,15004.00,71.74,cerca
48929,HC-SR04,20.55,26.06,OK,2,16504.50,70.21,lejos
49929,HC-SR04,3.79,26.53,OK,2,16504.50,68.75,lejos
50930,HC-SR04,3.79,27.00,OK,2,16504.50,67.35,lejos
51930,HC-SR04,3.79,19.11,ALERTA,2,16504.50,68.00,cerca
52930,HC-SR04,3.79,14.27,ALERTA,2,16504.50,68.63,cerca
53930,HC-SR04,3.79,9.44,ALERTA,2,16504.50,69.23,cerca
54930,HC-SR04,3.79,7.66,ALERTA,2,16504.50,69.81,cerca
55930,HC-SR04,60.16,12.93,ALERTA,2,16504.50,70.37,cerca
56930,HC-SR04,60.18,17.89,ALERTA,2,16504.50,70.91,cerca
57930,HC-SR04,60.18,24.93,ALERTA,2,16504.50,71.43,cerca
58931,HC-SR04,60.18,31.98,OK,3,13336.67,70.18,lejos
59931,HC-SR04,60.18,39.03,OK,3,13336.67,68.97,lejos
60931,HC-SR04,60.18,46.08,OK,3,13336.67,67.80,lejos
61931,HC-SR04,60.18,53.13,OK,3,13336.67,66.67,lejos
62931,HC-SR04,60.18,60.18,OK,3,13336.67,65.57,lejos
63931,HC-SR04,60.18,60.18,OK,3,13336.67,64.52,lejos
64932,HC-SR04,60.18,60.18,OK,3,13336.67,63.49,lejos
65932,HC-SR04,60.18,60.18,OK,3,13336.67,62.50,lejos
66932,HC-SR04,60.18,60.18,OK,3,13336.67,61.54,lejos
67933,HC-SR04,60.18,60.18,OK,3,13336.67,60.61,lejos
68933,HC-SR04,60.18,60.18,OK,3,13336.67,59.70,lejos
69933,HC-SR04,60.18,60.18,OK,3,13336.67,58.82,lejos
70934,HC-SR04,60.18,60.18,OK,3,13336.67,57.97,lejos
71934,HC-SR04,60.18,60.18,OK,3,13336.67,57.14,lejos
72934,HC-SR04,60.18,60.18,OK,3,13336.67,56.34,lejos
73935,HC-SR04,59.11,60.05,OK,3,13336.67,55.56,lejos
74935,HC-SR04,59.86,60.01,OK,3,13336.67,54.79,lejos
75936,HC-SR04,59.47,59.92,OK,3,13336.67,54.05,lejos
76936,HC-SR04,59.47,59.83,OK,3,13336.67,53.33,lejos
77936,HC-SR04,59.40,59.73,OK,3,13336.67,52.63,lejos
78936,HC-SR04,59.52,59.65,OK,3,13336.67,51.95,lejos
79936,HC-SR04,59.50,59.56,OK,3,13336.67,51.28,lejos
80936,HC-SR04,59.42,59.47,OK,3,13336.67,50.63,lejos
81936,HC-SR04,59.47,59.51,OK,3,13336.67,50.00,lejos
82937,HC-SR04,59.50,59.47,OK,3,13336.67,49.38,lejos
83937,HC-SR04,59.45,59.46,OK,3,13336.67,48.78,lejos
84938,HC-SR04,59.42,59.46,OK,3,13336.67,48.19,lejos
85938,HC-SR04,59.47,59.47,OK,3,13336.67,47.62,lejos
86938,HC-SR04,60.18,59.55,OK,3,13336.67,47.06,lejos
87938,HC-SR04,59.50,59.55,OK,3,13336.67,46.51,lejos
88938,HC-SR04,60.18,59.64,OK,3,13336.67,45.98,lejos
89938,HC-SR04,59.53,59.65,OK,3,13336.67,45.45,lejos
90938,HC-SR04,60.18,59.74,OK,3,13336.67,44.94,lejos
91939,HC-SR04,62.05,60.06,OK,3,13336.67,44.44,lejos
92939,HC-SR04,35.72,57.10,OK,3,13336.67,43.96,lejos
93939,HC-SR04,35.70,54.13,OK,3,13336.67,43.48,lejos
94939,HC-SR04,35.70,51.07,OK,3,13336.67,43.01,lejos
95939,HC-SR04,35.70,48.10,OK,3,13336.67,42.55,lejos
96939,HC-SR04,35.70,45.04,OK,3,13336.67,42.11,lejos
97939,HC-SR04,35.70,42.06,OK,3,13336.67,41.67,lejos
98939,HC-SR04,166.36,55.33,OK,3,13336.67,41.24,lejos
99939,HC-SR04,166.43,68.38,OK,3,13336.67,40.82,lejos
100939,HC-SR04,166.43,84.72,OK,3,13336.67,40.40,lejos
101939,HC-SR04,166.43,101.06,OK,3,13336.67,40.00,lejos
102940,HC-SR04,166.43,117.40,OK,3,13336.67,39.60,lejos
103941,HC-SR04,166.43,133.74,OK,3,13336.67,39.22,lejos
104942,HC-SR04,166.43,150.08,OK,3,13336.67,38.83,lejos
105943,HC-SR04,166.43,166.42,OK,3,13336.67,38.46,lejos
106943,HC-SR04,0.00,145.63,OK,3,13336.67,38.10,lejos
107944,HC-SR04,43.16,130.22,OK,3,13336.67,37.74,lejos
108944,HC-SR04,39.44,114.34,OK,3,13336.67,37.38,lejos
109944,HC-SR04,39.44,98.47,OK,3,13336.67,37.04,lejos
110944,HC-SR04,39.42,82.59,OK,3,13336.67,36.70,lejos
111945,HC-SR04,39.42,66.72,OK,3,13336.67,36.36,lejos
112945,HC-SR04,39.42,50.84,OK,3,13336.67,36.04,lejos
113945,HC-SR04,24.53,33.11,OK,3,13336.67,35.71,lejos
114945,HC-SR04,24.53,36.17,OK,3,13336.67,35.40,lejos
115945,HC-SR04,24.51,33.84,OK,3,13336.67,35.09,lejos
116945,HC-SR04,50.63,35.24,OK,3,13336.67,34.78,lejos
117945,HC-SR04,50.61,36.64,OK,3,13336.67,34.48,lejos
118946,HC-SR04,134.44,48.51,OK,3,13336.67,34.19,lejos
119946,HC-SR04,134.47,60.39,OK,3,13336.67,33.90,lejos
120946,HC-SR04,134.47,72.27,OK,3,13336.67,33.61,lejos
121946,HC-SR04,134.47,86.02,OK,3,13336.67,33.33,lejos
122946,HC-SR04,0.00,82.95,OK,3,13336.67,33.06,lejos
123947,HC-SR04,0.00,79.89,OK,3,13336.67,32.79,lejos
124947,HC-SR04,0.00,73.56,OK,3,13336.67,32.52,lejos
125947,HC-SR04,93.23,78.88,OK,3,13336.67,32.26,lejos
126948,HC-SR04,91.39,73.50,OK,3,13336.67,32.00,lejos
127948,HC-SR04,35.05,61.08,OK,3,13336.67,31.75,lejos
128948,HC-SR04,34.90,48.63,OK,3,13336.67,31.50,lejos
129948,HC-SR04,35.05,36.20,OK,3,13336.67,31.25,lejos
130948,HC-SR04,0.00,36.20,OK,3,13336.67,31.01,lejos
131949,HC-SR04,33.85,40.43,OK,3,13336.67,30.77,lejos
132949,HC-SR04,31.98,44.43,OK,3,13336.67,30.53,lejos
133949,HC-SR04,63.90,40.77,OK,3,13336.67,30.30,lejos
134949,HC-SR04,101.42,42.02,OK,3,13336.67,30.08,lejos
135950,HC-SR04,101.42,50.32,OK,3,13336.67,29.85,lejos
136951,HC-SR04,101.42,58.63,OK,3,13336.67,29.63,lejos
137952,HC-SR04,101.42,66.93,OK,3,13336.67,29.41,lejos
138953,HC-SR04,0.00,66.93,OK,3,13336.67,29.20,lejos
139953,HC-SR04,0.00,62.70,OK,3,13336.67,28.99,lejos
140953,HC-SR04,0.00,58.70,OK,3,13336.67,28.78,lejos
141953,HC-SR04,0.00,50.71,OK,3,13336.67,28.57,lejos
142953,HC-SR04,0.00,38.03,OK,3,13336.67,28.37,lejos
143953,HC-SR04,14.96,27.23,OK,3,13336.67,28.17,lejos
144953,HC-SR04,14.98,16.42,ALERTA,3,13336.67,28.67,cerca
145953,HC-SR04,14.98,5.61,ALERTA,3,13336.67,29.17,cerca
146953,HC-SR04,14.98,7.49,ALERTA,3,13336.67,29.66,cerca
147953,HC-SR04,14.96,9.36,ALERTA,3,13336.67,30.14,cerca
148954,HC-SR04,14.98,11.23,ALERTA,3,13336.67,30.61,cerca
149954,HC-SR04,14.98,13.10,ALERTA,3,13336.67,31.08,cerca
150954,HC-SR04,14.96,14.97,ALERTA,3,13336.67,31.54,cerca
151954,HC-SR04,14.96,14.97,ALERTA,3,13336.67,32.00,cerca
152955,HC-SR04,14.98,14.97,ALERTA,3,13336.67,32.45,cerca
153955,HC-SR04,14.98,14.97,ALERTA,3,13336.67,32.89,cerca
154955,HC-SR04,14.98,14.97,ALERTA,3,13336.67,33.33,cerca
155955,HC-SR04,14.96,14.97,ALERTA,3,13336.67,33.77,cerca
156955,HC-SR04,14.96,14.97,ALERTA,3,13336.67,34.19,cerca
157955,HC-SR04,14.98,14.97,ALERTA,3,13336.67,34.62,cerca
158956,HC-SR04,14.98,14.97,ALERTA,3,13336.67,35.03,cerca
159956,HC-SR04,14.98,14.97,ALERTA,3,13336.67,35.44,cerca
160956,HC-SR04,14.96,14.97,ALERTA,3,13336.67,35.85,cerca
161956,HC-SR04,14.98,14.97,ALERTA,3,13336.67,36.25,cerca
162956,HC-SR04,14.96,14.97,ALERTA,3,13336.67,36.65,cerca
163957,HC-SR04,14.98,14.97,ALERTA,3,13336.67,37.04,cerca
164958,HC-SR04,14.20,14.88,ALERTA,3,13336.67,37.42,cerca
165958,HC-SR04,14.98,14.88,ALERTA,3,13336.67,37.80,cerca
166958,HC-SR04,14.98,14.88,ALERTA,3,13336.67,38.18,cerca
167958,HC-SR04,14.96,14.87,ALERTA,3,13336.67,38.55,cerca
168958,HC-SR04,16.05,15.01,ALERTA,3,13336.67,38.92,cerca
169958,HC-SR04,14.30,14.92,ALERTA,3,13336.67,39.29,cerca
170958,HC-SR04,14.23,14.83,ALERTA,3,13336.67,39.64,cerca
171958,HC-SR04,65.08,21.09,ALERTA,3,13336.67,40.00,cerca
172959,HC-SR04,65.77,27.54,OK,4,17004.00,39.77,lejos
173959,HC-SR04,63.90,33.66,OK,4,17004.00,39.53,lejos
174959,HC-SR04,43.16,37.18,OK,4,17004.00,39.31,lejos
175959,HC-SR04,43.16,40.71,OK,4,17004.00,39.08,lejos
176960,HC-SR04,43.16,44.10,OK,4,17004.00,38.86,lejos
177960,HC-SR04,43.16,47.70,OK,4,17004.00,38.64,lejos
178961,HC-SR04,43.16,51.32,OK,4,17004.00,38.42,lejos
179961,HC-SR04,43.16,48.58,OK,4,17004.00,38.20,lejos
180961,HC-SR04,43.16,45.76,OK,4,17004.00,37.99,lejos
181961,HC-SR04,43.16,43.16,OK,4,17004.00,37.78,lejos
182961,HC-SR04,43.16,43.16,OK,4,17004.00,37.57,lejos
183961,HC-SR04,43.16,43.16,OK,4,17004.00,37.36,lejos
184961,HC-SR04,43.16,43.16,OK,4,17004.00,37.16,lejos
185961,HC-SR04,43.16,43.16,OK,4,17004.00,36.96,lejos
186961,HC-SR04,0.00,37.77,OK,4,17004.00,36.76,lejos
187962,HC-SR04,46.90,38.24,OK,4,17004.00,36.56,lejos
188962,HC-SR04,102.15,45.61,OK,4,17004.00,36.36,lejos
189962,HC-SR04,102.15,52.98,OK,4,17004.00,36.17,lejos
190962,HC-SR04,80.68,57.67,OK,4,17004.00,35.98,lejos
191963,HC-SR04,80.68,62.36,OK,4,17004.00,35.79,lejos
192963,HC-SR04,80.68,67.05,OK,4,17004.00,35.60,lejos
193964,HC-SR04,82.06,71.91,OK,4,17004.00,35.42,lejos
194964,HC-SR04,82.03,82.17,OK,4,17004.00,35.23,lejos
195964,HC-SR04,82.16,86.57,OK,4,17004.00,35.05,lejos
196965,HC-SR04,82.09,84.07,OK,4,17004.00,34.87,lejos
197965,HC-SR04,82.09,81.56,OK,4,17004.00,34.69,lejos
198965,HC-SR04,80.51,81.54,OK,4,17004.00,34.52,lejos
199966,HC-SR04,82.08,81.71,OK,4,17004.00,34.34,lejos
200966,HC-SR04,82.04,81.88,OK,4,17004.00,34.17,lejos
201966,HC-SR04,18.70,73.96,OK,4,17004.00,34.00,lejos
202966,HC-SR04,18.70,66.05,OK,4,17004.00,33.83,lejos
203966,HC-SR04,18.70,58.11,OK,4,17004.00,33.66,lejos
204967,HC-SR04,7.51,48.79,OK,4,17004.00,33.50,lejos
205968,HC-SR04,6.66,39.36,OK,4,17004.00,33.33,lejos
206968,HC-SR04,6.72,30.14,OK,4,17004.00,33.17,lejos
207968,HC-SR04,8.86,20.99,OK,4,17004.00,33.01,cerca
208968,HC-SR04,7.51,11.67,ALERTA,4,17004.00,33.33,cerca
209968,HC-SR04,6.78,10.18,ALERTA,4,17004.00,33.65,cerca
210968,HC-SR04,8.86,8.95,ALERTA,4,17004.00,33.97,cerca
211969,HC-SR04,7.51,7.55,ALERTA,4,17004.00,34.29,cerca
212969,HC-SR04,140.79,24.21,ALERTA,4,17004.00,34.60,cerca
213969,HC-SR04,140.79,40.98,OK,5,14603.40,34.43,lejos
214969,HC-SR04,140.79,57.74,OK,5,14603.40,34.27,lejos
215969,HC-SR04,140.79,74.23,OK,5,14603.40,34.11,lejos
216969,HC-SR04,140.79,90.89,OK,5,14603.40,33.95,lejos
217969,HC-SR04,140.79,107.64,OK,5,14603.40,33.80,lejos
218969,HC-SR04,0.00,106.53,OK,5,14603.40,33.64,lejos
219969,HC-SR04,0.00,105.60,OK,5,14603.40,33.49,lejos
220969,HC-SR04,0.00,88.00,OK,5,14603.40,33.33,lejos
221969,HC-SR04,0.00,70.40,OK,5,14603.40,33.18,lejos
222969,HC-SR04,14.96,54.67,OK,5,14603.40,33.03,lejos
223969,HC-SR04,14.96,38.94,OK,5,14603.40,32.88,lejos
224969,HC-SR04,14.98,23.21,OK,5,14603.40,32.74,cerca
225969,HC-SR04,127.76,21.58,OK,5,14603.40,32.59,cerca
226970,HC-SR04,127.76,37.55,OK,5,14603.40,32.44,lejos
227970,HC-SR04,127.76,53.52,OK,5,14603.40,32.30,lejos
228970,HC-SR04,127.76,69.49,OK,5,14603.40,32.16,lejos
229970,HC-SR04,127.76,85.46,OK,5,14603.40,32.02,lejos
230970,HC-SR04,127.76,99.56,OK,5,14603.40,31.88,lejos
231970,HC-SR04,127.76,113.66,OK,5,14603.40,31.74,lejos
232970,HC-SR04,127.76,127.76,OK,5,14603.40,31.60,lejos
233970,HC-SR04,127.76,127.76,OK,5,14603.40,31.47,lejos
234970,HC-SR04,0.00,111.79,OK,5,14603.40,31.33,lejos
235970,HC-SR04,0.00,95.82,OK,5,14603.40,31.20,lejos
236970,HC-SR04,0.00,79.85,OK,5,14603.40,31.06,lejos
237970,HC-SR04,0.00,63.88,OK,5,14603.40,30.93,lejos
238970,HC-SR04,0.00,47.91,OK,5,14603.40,30.80,lejos
239970,HC-SR04,0.00,31.94,OK,5,14603.40,30.67,lejos
240970,HC-SR04,0.00,15.97,ALERTA,5,14603.40,30.96,cerca
241970,HC-SR04,0.00,0.00,ALERTA,5,14603.40,31.25,cerca
242970,HC-SR04,0.00,0.00,ALERTA,5,14603.40,31.54,cerca
243970,HC-SR04,0.00,0.00,ALERTA,5,14603.40,31.82,cerca
244970,HC-SR04,0.00,0.00,ALERTA,5,14603.40,32.10,cerca
245971,HC-SR04,0.00,0.00,ALERTA,5,14603.40,32.38,cerca
246972,HC-SR04,0.00,0.00,ALERTA,5,14603.40,32.65,cerca
247972,HC-SR04,0.00,0.00,ALERTA,5,14603.40,32.93,cerca
248972,HC-SR04,0.00,0.00,ALERTA,5,14603.40,33.20,cerca
249972,HC-SR04,0.00,0.00,ALERTA,5,14603.40,33.47,cerca
250972,HC-SR04,0.00,0.00,ALERTA,5,14603.40,33.73,cerca
251972,HC-SR04,0.00,0.00,ALERTA,5,14603.40,34.00,cerca
252972,HC-SR04,0.00,0.00,ALERTA,5,14603.40,34.26,cerca
253973,HC-SR04,50.63,6.33,ALERTA,5,14603.40,34.52,cerca
254973,HC-SR04,50.61,12.65,ALERTA,5,14603.40,34.78,cerca
255973,HC-SR04,50.61,18.98,ALERTA,5,14603.40,35.04,cerca
256973,HC-SR04,147.80,37.46,OK,6,14836.67,34.90,lejos
257973,HC-SR04,147.76,55.93,OK,6,14836.67,34.77,lejos
258973,HC-SR04,147.73,74.39,OK,6,14836.67,34.63,lejos
259974,HC-SR04,147.73,92.86,OK,6,14836.67,34.50,lejos
260974,HC-SR04,147.73,111.32,OK,6,14836.67,34.36,lejos
261974,HC-SR04,147.73,123.46,OK,6,14836.67,34.23,lejos
262974,HC-SR04,147.73,135.60,OK,6,14836.67,34.10,lejos
263974,HC-SR04,147.73,147.74,OK,6,14836.67,33.97,lejos
264974,HC-SR04,147.73,147.73,OK,6,14836.67,33.84,lejos
265974,HC-SR04,147.73,147.73,OK,6,14836.67,33.71,lejos
266974,HC-SR04,0.00,129.26,OK,6,14836.67,33.58,lejos
267974,HC-SR04,0.00,110.80,OK,6,14836.67,33.46,lejos
268975,HC-SR04,3.79,92.81,OK,6,14836.67,33.33,lejos
269976,HC-SR04,3.79,74.81,OK,6,14836.67,33.21,lejos
270977,HC-SR04,3.79,56.82,OK,6,14836.67,33.09,lejos
271978,HC-SR04,25.62,41.56,OK,6,14836.67,32.96,lejos
272978,HC-SR04,27.15,26.48,OK,6,14836.67,32.84,lejos
273979,HC-SR04,26.40,11.32,ALERTA,6,14836.67,33.09,cerca
274979,HC-SR04,75.09,20.70,ALERTA,6,14836.67,33.33,cerca
275979,HC-SR04,71.35,29.62,OK,7,13002.86,33.21,lejos
276980,HC-SR04,71.35,38.07,OK,7,13002.86,33.09,lejos
277980,HC-SR04,24.53,40.66,OK,7,13002.86,32.97,lejos
278980,HC-SR04,31.99,44.19,OK,7,13002.86,32.85,lejos
279981,HC-SR04,31.98,44.98,OK,7,13002.86,32.73,lejos
280982,HC-SR04,31.99,45.59,OK,7,13002.86,32.62,lejos
281982,HC-SR04,31.98,46.28,OK,7,13002.86,32.50,lejos
282982,HC-SR04,31.98,40.89,OK,7,13002.86,32.38,lejos
283983,HC-SR04,31.98,35.97,OK,7,13002.86,32.27,lejos
284983,HC-SR04,31.98,31.05,OK,7,13002.86,32.16,lejos
285983,HC-SR04,31.98,31.98,OK,7,13002.86,32.04,lejos
286983,HC-SR04,31.99,31.98,OK,7,13002.86,31.93,lejos
287983,HC-SR04,31.98,31.98,OK,7,13002.86,31.82,lejos
288983,HC-SR04,31.99,31.98,OK,7,13002.86,31.71,lejos
289983,HC-SR04,31.98,31.98,OK,7,13002.86,31.60,lejos
290983,HC-SR04,31.99,31.98,OK,7,13002.86,31.49,lejos
291983,HC-SR04,31.98,31.98,OK,7,13002.86,31.38,lejos
292983,HC-SR04,31.99,31.99,OK,7,13002.86,31.27,lejos
293983,HC-SR04,31.98,31.99,OK,7,13002.86,31.16,lejos
294983,HC-SR04,31.98,31.98,OK,7,13002.86,31.06,lejos
295983,HC-SR04,31.98,31.98,OK,7,13002.86,30.95,lejos
296983,HC-SR04,31.98,31.98,OK,7,13002.86,30.85,lejos
297983,HC-SR04,31.99,31.98,OK,7,13002.86,30.74,lejos
298983,HC-SR04,31.99,31.98,OK,7,13002.86,30.64,lejos
299983,HC-SR04,31.98,31.98,OK,7,13002.86,30.54,lejos
300983,HC-SR04,31.98,31.98,OK,7,13002.86,30.43,lejos
301983,HC-SR04,31.98,31.98,OK,7,13002.86,30.33,lejos
302983,HC-SR04,31.98,31.98,OK,7,13002.86,30.23,lejos
303983,HC-SR04,31.99,31.98,OK,7,13002.86,30.13,lejos
304983,HC-SR04,31.99,31.99,OK,7,13002.86,30.03,lejos
305983,HC-SR04,31.98,31.98,OK,7,13002.86,29.93,lejos
306983,HC-SR04,31.98,31.98,OK,7,13002.86,29.84,lejos
307983,HC-SR04,31.98,31.98,OK,7,13002.86,29.74,lejos
308983,HC-SR04,31.99,31.98,OK,7,13002.86,29.64,lejos
309983,HC-SR04,31.99,31.99,OK,7,13002.86,29.55,lejos
310983,HC-SR04,31.99,31.99,OK,7,13002.86,29.45,lejos
311983,HC-SR04,31.98,31.99,OK,7,13002.86,29.35,lejos
312983,HC-SR04,31.98,31.98,OK,7,13002.86,29.26,lejos
313983,HC-SR04,31.99,31.99,OK,7,13002.86,29.17,lejos
314983,HC-SR04,31.98,31.99,OK,7,13002.86,29.07,lejos
315983,HC-SR04,31.98,31.99,OK,7,13002.86,28.98,lejos
316983,HC-SR04,31.98,31.98,OK,7,13002.86,28.89,lejos
317983,HC-SR04,31.99,31.98,OK,7,13002.86,28.80,lejos
318983,HC-SR04,31.98,31.98,OK,7,13002.86,28.71,lejos
319983,HC-SR04,127.01,43.86,OK,7,13002.86,28.62,lejos
320983,HC-SR04,127.04,55.74,OK,7,13002.86,28.53,lejos
321983,HC-SR04,127.06,67.63,OK,7,13002.86,28.44,lejos
322983,HC-SR04,127.08,79.51,OK,7,13002.86,28.35,lejos
323983,HC-SR04,127.14,91.41,OK,7,13002.86,28.26,lejos
324983,HC-SR04,127.06,103.29,OK,7,13002.86,28.17,lejos
325983,HC-SR04,127.09,115.18,OK,7,13002.86,28.09,lejos
326983,HC-SR04,126.96,127.05,OK,7,13002.86,28.00,lejos
327984,HC-SR04,127.04,127.06,OK,7,13002.86,27.91,lejos
328984,HC-SR04,127.04,127.06,OK,7,13002.86,27.83,lejos
329985,HC-SR04,127.04,127.06,OK,7,13002.86,27.74,lejos
330985,HC-SR04,126.99,127.05,OK,7,13002.86,27.66,lejos
331985,HC-SR04,127.09,127.04,OK,7,13002.86,27.58,lejos
332985,HC-SR04,127.09,127.04,OK,7,13002.86,27.49,lejos
333985,HC-SR04,126.96,127.03,OK,7,13002.86,27.41,lejos
334985,HC-SR04,127.02,127.03,OK,7,13002.86,27.33,lejos
335985,HC-SR04,127.01,127.03,OK,7,13002.86,27.25,lejos
336985,HC-SR04,127.08,127.03,OK,7,13002.86,27.16,lejos
337985,HC-SR04,127.04,127.03,OK,7,13002.86,27.08,lejos
338985,HC-SR04,127.02,127.04,OK,7,13002.86,27.00,lejos
339985,HC-SR04,127.08,127.04,OK,7,13002.86,26.92,lejos
340985,HC-SR04,126.96,127.02,OK,7,13002.86,26.84,lejos
341985,HC-SR04,126.96,127.02,OK,7,13002.86,26.76,lejos
342985,HC-SR04,127.04,127.02,OK,7,13002.86,26.69,lejos
343985,HC-SR04,126.96,127.02,OK,7,13002.86,26.61,lejos
344985,HC-SR04,127.04,127.01,OK,7,13002.86,26.53,lejos
345985,HC-SR04,126.96,127.00,OK,7,13002.86,26.45,lejos
346985,HC-SR04,126.99,127.00,OK,7,13002.86,26.38,lejos
347985,HC-SR04,126.96,126.98,OK,7,13002.86,26.30,lejos
348985,HC-SR04,78.03,120.87,OK,7,13002.86,26.22,lejos
349985,HC-SR04,78.59,114.82,OK,7,13002.86,26.15,lejos
350986,HC-SR04,78.13,108.71,OK,7,13002.86,26.07,lejos
351986,HC-SR04,78.12,102.60,OK,7,13002.86,26.00,lejos
352986,HC-SR04,78.06,96.48,OK,7,13002.86,25.93,lejos
353986,HC-SR04,11.24,82.01,OK,7,13002.86,25.85,lejos
354986,HC-SR04,11.25,67.55,OK,7,13002.86,25.78,lejos
355986,HC-SR04,11.25,53.08,OK,7,13002.86,25.71,lejos
356986,HC-SR04,11.25,44.74,OK,7,13002.86,25.63,lejos
357986,HC-SR04,11.25,36.32,OK,7,13002.86,25.56,lejos
358986,HC-SR04,11.25,27.96,OK,7,13002.86,25.49,lejos
359986,HC-SR04,11.25,19.60,ALERTA,7,13002.86,25.70,cerca
360986,HC-SR04,11.24,11.25,ALERTA,7,13002.86,25.91,cerca
361986,HC-SR04,11.24,11.25,ALERTA,7,13002.86,26.11,cerca
362986,HC-SR04,11.24,11.25,ALERTA,7,13002.86,26.32,cerca
363987,HC-SR04,11.24,11.25,ALERTA,7,13002.86,26.52,cerca
364987,HC-SR04,11.24,11.24,ALERTA,7,13002.86,26.72,cerca
365987,HC-SR04,11.24,11.24,ALERTA,7,13002.86,26.92,cerca
366987,HC-SR04,11.24,11.24,ALERTA,7,13002.86,27.12,cerca
367987,HC-SR04,11.24,11.24,ALERTA,7,13002.86,27.32,cerca
368987,HC-SR04,10.23,11.11,ALERTA,7,13002.86,27.52,cerca
369987,HC-SR04,11.24,11.11,ALERTA,7,13002.86,27.72,cerca
370987,HC-SR04,11.24,11.11,ALERTA,7,13002.86,27.91,cerca
371987,HC-SR04,11.25,11.11,ALERTA,7,13002.86,28.11,cerca
372987,HC-SR04,11.24,11.11,ALERTA,7,13002.86,28.30,cerca
373987,HC-SR04,12.39,11.26,ALERTA,7,13002.86,28.49,cerca
374987,HC-SR04,11.24,11.26,ALERTA,7,13002.86,28.69,cerca
375987,HC-SR04,11.24,11.26,ALERTA,7,13002.86,28.88,cerca
376987,HC-SR04,12.04,11.48,ALERTA,7,13002.86,29.07,cerca
377987,HC-SR04,11.24,11.48,ALERTA,7,13002.86,29.26,cerca
378987,HC-SR04,11.24,11.48,ALERTA,7,13002.86,29.44,cerca
379987,HC-SR04,11.25,11.48,ALERTA,7,13002.86,29.63,cerca
380987,HC-SR04,11.24,11.48,ALERTA,7,13002.86,29.82,cerca
381988,HC-SR04,10.13,11.20,ALERTA,7,13002.86,30.00,cerca
382988,HC-SR04,12.00,11.30,ALERTA,7,13002.86,30.18,cerca
383988,HC-SR04,10.56,11.21,ALERTA,7,13002.86,30.37,cerca
384988,HC-SR04,11.24,11.11,ALERTA,7,13002.86,30.55,cerca
385988,HC-SR04,11.90,11.19,ALERTA,7,13002.86,30.73,cerca
386988,HC-SR04,10.51,11.10,ALERTA,7,13002.86,30.91,cerca
387988,HC-SR04,11.24,11.10,ALERTA,7,13002.86,31.09,cerca
388988,HC-SR04,12.07,11.21,ALERTA,7,13002.86,31.27,cerca
389988,HC-SR04,10.54,11.26,ALERTA,7,13002.86,31.44,cerca
390988,HC-SR04,11.24,11.16,ALERTA,7,13002.86,31.62,cerca
391988,HC-SR04,11.90,11.33,ALERTA,7,13002.86,31.79,cerca
392988,HC-SR04,10.56,11.24,ALERTA,7,13002.86,31.97,cerca
393989,HC-SR04,11.24,11.16,ALERTA,7,13002.86,32.14,cerca
394989,HC-SR04,11.24,11.25,ALERTA,7,13002.86,32.32,cerca
395989,HC-SR04,11.25,11.25,ALERTA,7,13002.86,32.49,cerca
396990,HC-SR04,11.24,11.15,ALERTA,7,13002.86,32.66,cerca
397990,HC-SR04,11.24,11.24,ALERTA,7,13002.86,32.83,cerca
398990,HC-SR04,11.24,11.24,ALERTA,7,13002.86,33.00,cerca
399990,HC-SR04,11.24,11.15,ALERTA,7,13002.86,33.17,cerca
400990,HC-SR04,11.24,11.24,ALERTA,7,13002.86,33.33,cerca
401990,HC-SR04,11.24,11.24,ALERTA,7,13002.86,33.50,cerca
402990,HC-SR04,11.24,11.24,ALERTA,7,13002.86,33.67,cerca
403991,HC-SR04,11.24,11.24,ALERTA,7,13002.86,33.83,cerca
404991,HC-SR04,11.24,11.24,ALERTA,7,13002.86,34.00,cerca
405991,HC-SR04,11.24,11.24,ALERTA,7,13002.86,34.16,cerca
406991,HC-SR04,11.25,11.24,ALERTA,7,13002.86,34.32,cerca
407991,HC-SR04,11.24,11.24,ALERTA,7,13002.86,34.48,cerca
408991,HC-SR04,11.25,11.24,ALERTA,7,13002.86,34.64,cerca
409991,HC-SR04,11.25,11.24,ALERTA,7,13002.86,34.80,cerca
410992,HC-SR04,11.24,11.24,ALERTA,7,13002.86,34.96,cerca
411992,HC-SR04,11.25,11.25,ALERTA,7,13002.86,35.12,cerca
412992,HC-SR04,43.16,15.24,ALERTA,7,13002.86,35.28,cerca
413992,HC-SR04,43.16,19.23,ALERTA,7,13002.86,35.44,cerca
414992,HC-SR04,43.16,23.22,ALERTA,7,13002.86,35.59,cerca
415992,HC-SR04,43.16,27.21,OK,8,18378.25,35.51,lejos
416993,HC-SR04,43.16,31.20,OK,8,18378.25,35.42,lejos
417993,HC-SR04,43.16,35.18,OK,8,18378.25,35.34,lejos
418993,HC-SR04,43.16,39.17,OK,8,18378.25,35.25,lejos
419993,HC-SR04,43.16,43.16,OK,8,18378.25,35.17,lejos
420994,HC-SR04,43.16,43.16,OK,8,18378.25,35.08,lejos
421994,HC-SR04,43.16,43.16,OK,8,18378.25,35.00,lejos
422994,HC-SR04,43.16,43.16,OK,8,18378.25,34.92,lejos
423995,HC-SR04,43.16,43.16,OK,8,18378.25,34.83,lejos
424995,HC-SR04,43.16,43.16,OK,8,18378.25,34.75,lejos
425995,HC-SR04,43.16,43.16,OK,8,18378.25,34.67,lejos
426995,HC-SR04,43.16,43.16,OK,8,18378.25,34.59,lejos
427996,HC-SR04,42.48,43.08,OK,8,18378.25,34.51,lejos
428996,HC-SR04,42.45,42.99,OK,8,18378.25,34.43,lejos
429996,HC-SR04,42.42,42.90,OK,8,18378.25,34.35,lejos
430996,HC-SR04,42.45,42.81,OK,8,18378.25,34.27,lejos
431996,HC-SR04,42.48,42.72,OK,8,18378.25,34.19,lejos
432997,HC-SR04,42.45,42.63,OK,8,18378.25,34.11,lejos
433997,HC-SR04,42.43,42.54,OK,8,18378.25,34.03,lejos
434997,HC-SR04,44.23,42.67,OK,8,18378.25,33.95,lejos
435997,HC-SR04,42.87,42.72,OK,8,18378.25,33.87,lejos
436997,HC-SR04,42.43,42.72,OK,8,18378.25,33.79,lejos
437998,HC-SR04,42.45,42.73,OK,8,18378.25,33.72,lejos
438998,HC-SR04,44.23,42.95,OK,8,18378.25,33.64,lejos
439998,HC-SR04,45.02,43.27,OK,8,18378.25,33.56,lejos
440998,HC-SR04,115.84,52.44,OK,8,18378.25,33.49,lejos
441999,HC-SR04,116.57,61.71,OK,8,18378.25,33.41,lejos
442999,HC-SR04,116.57,70.75,OK,8,18378.25,33.33,lejos
443999,HC-SR04,116.57,79.96,OK,8,18378.25,33.26,lejos
444999,HC-SR04,116.59,89.23,OK,8,18378.25,33.18,lejos
445999,HC-SR04,116.57,98.49,OK,8,18378.25,33.11,lejos
446999,HC-SR04,116.57,107.54,OK,8,18378.25,33.03,lejos
447999,HC-SR04,116.57,116.48,OK,8,18378.25,32.96,lejos
448999,HC-SR04,116.57,116.57,OK,8,18378.25,32.89,lejos
449999,HC-SR04,116.57,116.57,OK,8,18378.25,32.81,lejos
451000,HC-SR04,116.57,116.57,OK,8,18378.25,32.74,lejos
452000,HC-SR04,116.57,116.57,OK,8,18378.25,32.67,lejos
453000,HC-SR04,116.57,116.57,OK,8,18378.25,32.59,lejos
454000,HC-SR04,116.57,116.57,OK,8,18378.25,32.52,lejos
455001,HC-SR04,116.57,116.57,OK,8,18378.25,32.45,lejos
456001,HC-SR04,115.57,116.44,OK,8,18378.25,32.38,lejos
457001,HC-SR04,35.72,106.34,OK,8,18378.25,32.31,lejos
458001,HC-SR04,35.70,96.23,OK,8,18378.25,32.24,lejos
459001,HC-SR04,0.00,81.66,OK,8,18378.25,32.17,lejos
460001,HC-SR04,0.00,67.09,OK,8,18378.25,32.10,lejos
461002,HC-SR04,0.00,52.52,OK,8,18378.25,32.03,lejos
462003,HC-SR04,0.00,37.94,OK,8,18378.25,31.96,lejos
463003,HC-SR04,0.00,23.37,OK,8,18378.25,31.89,cerca
464003,HC-SR04,0.00,8.93,ALERTA,8,18378.25,32.03,cerca
465003,HC-SR04,0.00,4.46,ALERTA,8,18378.25,32.18,cerca
466003,HC-SR04,0.00,0.00,ALERTA,8,18378.25,32.33,cerca
467003,HC-SR04,0.00,0.00,ALERTA,8,18378.25,32.47,cerca
468003,HC-SR04,0.00,0.00,ALERTA,8,18378.25,32.62,cerca
469003,HC-SR04,0.00,0.00,ALERTA,8,18378.25,32.76,cerca
470003,HC-SR04,0.00,0.00,ALERTA,8,18378.25,32.91,cerca
471003,HC-SR04,0.00,0.00,ALERTA,8,18378.25,33.05,cerca
472003,HC-SR04,0.00,0.00,ALERTA,8,18378.25,33.19,cerca
473003,HC-SR04,0.00,0.00,ALERTA,8,18378.25,33.33,cerca
474003,HC-SR04,0.00,0.00,ALERTA,8,18378.25,33.47,cerca
475003,HC-SR04,0.00,0.00,ALERTA,8,18378.25,33.62,cerca
476003,HC-SR04,0.00,0.00,ALERTA,8,18378.25,33.76,cerca
477003,HC-SR04,0.00,0.00,ALERTA,8,18378.25,33.89,cerca
478003,HC-SR04,0.00,0.00,ALERTA,8,18378.25,34.03,cerca
479003,HC-SR04,0.00,0.00,ALERTA,8,18378.25,34.17,cerca
480003,HC-SR04,0.00,0.00,ALERTA,8,18378.25,34.31,cerca
481003,HC-SR04,0.00,0.00,ALERTA,8,18378.25,34.45,cerca
482003,HC-SR04,0.00,0.00,ALERTA,8,18378.25,34.58,cerca
483003,HC-SR04,0.00,0.00,ALERTA,8,18378.25,34.72,cerca
484003,HC-SR04,0.00,0.00,ALERTA,8,18378.25,34.85,cerca
485003,HC-SR04,0.00,0.00,ALERTA,8,18378.25,34.99,cerca
486003,HC-SR04,0.00,0.00,ALERTA,8,18378.25,35.12,cerca
487003,HC-SR04,0.00,0.00,ALERTA,8,18378.25,35.26,cerca
488003,HC-SR04,0.00,0.00,ALERTA,8,18378.25,35.39,cerca
489003,HC-SR04,0.00,0.00,ALERTA,8,18378.25,35.52,cerca
490003,HC-SR04,0.00,0.00,ALERTA,8,18378.25,35.66,cerca
491003,HC-SR04,0.00,0.00,ALERTA,8,18378.25,35.79,cerca
492003,HC-SR04,0.00,0.00,ALERTA,8,18378.25,35.92,cerca
493003,HC-SR04,50.63,6.33,ALERTA,8,18378.25,36.05,cerca
494004,HC-SR04,50.63,12.66,ALERTA,8,18378.25,36.18,cerca
495005,HC-SR04,50.63,18.98,ALERTA,8,18378.25,36.31,cerca
496005,HC-SR04,50.12,25.25,OK,9,19892.00,36.23,lejos
497005,HC-SR04,50.08,31.51,OK,9,19892.00,36.16,lejos
498005,HC-SR04,50.25,37.79,OK,9,19892.00,36.09,lejos
499005,HC-SR04,50.61,44.12,OK,9,19892.00,36.02,lejos
500005,HC-SR04,50.63,50.45,OK,9,19892.00,35.94,lejos
501006,HC-SR04,50.20,50.39,OK,9,19892.00,35.87,lejos
502006,HC-SR04,50.15,50.33,OK,9,19892.00,35.80,lejos
503006,HC-SR04,50.20,50.28,OK,9,19892.00,35.73,lejos
504006,HC-SR04,50.12,50.28,OK,9,19892.00,35.66,lejos
505006,HC-SR04,50.15,50.29,OK,9,19892.00,35.59,lejos
506007,HC-SR04,50.24,50.29,OK,9,19892.00,35.52,lejos
507008,HC-SR04,50.12,50.22,OK,9,19892.00,35.45,lejos
508008,HC-SR04,50.86,50.25,OK,9,19892.00,35.38,lejos
509008,HC-SR04,52.39,50.53,OK,9,19892.00,35.31,lejos
510008,HC-SR04,50.10,50.52,OK,9,19892.00,35.24,lejos
511008,HC-SR04,50.03,50.50,OK,9,19892.00,35.17,lejos
512009,HC-SR04,50.86,50.59,OK,9,19892.00,35.10,lejos
513009,HC-SR04,50.63,50.65,OK,9,19892.00,35.03,lejos
514009,HC-SR04,50.61,50.70,OK,9,19892.00,34.96,lejos
515009,HC-SR04,50.63,50.76,OK,9,19892.00,34.89,lejos
516009,HC-SR04,50.63,50.73,OK,9,19892.00,34.82,lejos
517009,HC-SR04,50.61,50.51,OK,9,19892.00,34.76,lejos
518010,HC-SR04,50.61,50.58,OK,9,19892.00,34.69,lejos
519010,HC-SR04,50.61,50.65,OK,9,19892.00,34.62,lejos
520010,HC-SR04,50.63,50.62,OK,9,19892.00,34.56,lejos
521010,HC-SR04,50.63,50.62,OK,9,19892.00,34.49,lejos
522010,HC-SR04,50.61,50.62,OK,9,19892.00,34.42,lejos
523011,HC-SR04,50.63,50.62,OK,9,19892.00,34.36,lejos
524011,HC-SR04,50.61,50.62,OK,9,19892.00,34.29,lejos
525011,HC-SR04,50.61,50.62,OK,9,19892.00,34.23,lejos
526011,HC-SR04,50.63,50.62,OK,9,19892.00,34.16,lejos
527011,HC-SR04,50.63,50.62,OK,9,19892.00,34.10,lejos
528011,HC-SR04,50.61,50.62,OK,9,19892.00,34.03,lejos
529011,HC-SR04,50.63,50.62,OK,9,19892.00,33.97,lejos
530012,HC-SR04,50.63,50.62,OK,9,19892.00,33.90,lejos
531012,HC-SR04,50.61,50.62,OK,9,19892.00,33.84,lejos
532012,HC-SR04,50.63,50.62,OK,9,19892.00,33.77,lejos
533012,HC-SR04,101.42,56.97,OK,9,19892.00,33.71,lejos
534013,HC-SR04,102.61,63.47,OK,9,19892.00,33.65,lejos
535014,HC-SR04,102.58,69.96,OK,9,19892.00,33.58,lejos
536015,HC-SR04,102.58,76.46,OK,9,19892.00,33.52,lejos
537016,HC-SR04,102.54,82.95,OK,9,19892.00,33.46,lejos
538017,HC-SR04,102.58,89.44,OK,9,19892.00,33.40,lejos
539018,HC-SR04,102.58,95.94,OK,9,19892.00,33.33,lejos
540018,HC-SR04,103.29,102.52,OK,9,19892.00,33.27,lejos
541018,HC-SR04,103.29,102.76,OK,9,19892.00,33.21,lejos
542018,HC-SR04,103.89,102.92,OK,9,19892.00,33.15,lejos
543018,HC-SR04,102.61,102.92,OK,9,19892.00,33.09,lejos
544018,HC-SR04,102.58,102.92,OK,9,19892.00,33.03,lejos
545018,HC-SR04,25.69,93.31,OK,9,19892.00,32.97,lejos
546018,HC-SR04,28.02,83.99,OK,9,19892.00,32.90,lejos
547019,HC-SR04,26.38,74.47,OK,9,19892.00,32.84,lejos
548019,HC-SR04,24.53,64.62,OK,9,19892.00,32.78,lejos
549019,HC-SR04,24.53,54.78,OK,9,19892.00,32.72,lejos
550020,HC-SR04,24.51,44.86,OK,9,19892.00,32.66,lejos
551020,HC-SR04,24.53,35.10,OK,9,19892.00,32.60,lejos
552020,HC-SR04,24.51,25.34,OK,9,19892.00,32.55,lejos
553020,HC-SR04,24.53,25.19,OK,9,19892.00,32.49,lejos
554020,HC-SR04,24.51,24.76,OK,9,19892.00,32.43,cerca
555020,HC-SR04,24.53,24.52,OK,9,19892.00,32.37,cerca
556020,HC-SR04,24.53,24.52,OK,9,19892.00,32.31,cerca
557020,HC-SR04,24.53,24.52,OK,9,19892.00,32.25,cerca
558020,HC-SR04,24.53,24.53,OK,9,19892.00,32.19,cerca
559020,HC-SR04,24.53,24.53,OK,9,19892.00,32.14,cerca
560020,HC-SR04,24.53,24.53,OK,9,19892.00,32.08,cerca
561020,HC-SR04,24.53,24.53,OK,9,19892.00,32.02,cerca
562020,HC-SR04,24.53,24.53,OK,9,19892.00,31.96,cerca
563021,HC-SR04,24.53,24.53,OK,9,19892.00,31.91,cerca
564021,HC-SR04,24.51,24.53,OK,9,19892.00,31.85,cerca
565021,HC-SR04,24.53,24.53,OK,9,19892.00,31.79,cerca
566022,HC-SR04,24.53,24.53,OK,9,19892.00,31.74,cerca
567022,HC-SR04,24.53,24.53,OK,9,19892.00,31.68,cerca
568022,HC-SR04,24.53,24.53,OK,9,19892.00,31.63,cerca
569022,HC-SR04,24.53,24.53,OK,9,19892.00,31.57,cerca
570022,HC-SR04,24.53,24.53,OK,9,19892.00,31.51,cerca
571023,HC-SR04,24.53,24.53,OK,9,19892.00,31.46,cerca
572023,HC-SR04,24.53,24.53,OK,9,19892.00,31.40,cerca
573023,HC-SR04,24.53,24.53,OK,9,19892.00,31.35,cerca
574023,HC-SR04,24.51,24.53,OK,9,19892.00,31.29,cerca
575023,HC-SR04,24.53,24.53,OK,9,19892.00,31.24,cerca
576023,HC-SR04,24.53,24.53,OK,9,19892.00,31.18,cerca
577024,HC-SR04,24.51,24.53,OK,9,19892.00,31.13,cerca
578024,HC-SR04,24.53,24.53,OK,9,19892.00,31.08,cerca
579024,HC-SR04,24.53,24.53,OK,9,19892.00,31.02,cerca
580024,HC-SR04,24.53,24.53,OK,9,19892.00,30.97,cerca
581024,HC-SR04,24.53,24.53,OK,9,19892.00,30.92,cerca
582024,HC-SR04,24.53,24.53,OK,9,19892.00,30.86,cerca
583025,HC-SR04,24.53,24.53,OK,9,19892.00,30.81,cerca
584025,HC-SR04,24.53,24.53,OK,9,19892.00,30.76,cerca
585025,HC-SR04,24.53,24.53,OK,9,19892.00,30.70,cerca
586025,HC-SR04,24.53,24.53,OK,9,19892.00,30.65,cerca
587025,HC-SR04,24.53,24.53,OK,9,19892.00,30.60,cerca
588025,HC-SR04,24.53,24.53,OK,9,19892.00,30.55,cerca
589026,HC-SR04,24.53,24.53,OK,9,19892.00,30.49,cerca
590026,HC-SR04,24.53,24.53,OK,9,19892.00,30.44,cerca
591026,HC-SR04,24.53,24.53,OK,9,19892.00,30.39,cerca
592026,HC-SR04,78.03,31.22,OK,9,19892.00,30.34,lejos
593027,HC-SR04,78.08,37.91,OK,9,19892.00,30.29,lejos
594027,HC-SR04,78.13,44.61,OK,9,19892.00,30.24,lejos
595028,HC-SR04,78.17,51.32,OK,9,19892.00,30.19,lejos
596028,HC-SR04,79.32,58.17,OK,9,19892.00,30.13,lejos
597029,HC-SR04,80.68,65.18,OK,9,19892.00,30.08,lejos
598029,HC-SR04,78.83,71.97,OK,9,19892.00,30.03,lejos
599029,HC-SR04,78.81,78.76,OK,9,19892.00,29.98,lejos
600030,HC-SR04,78.81,78.85,OK,9,19892.00,29.93,lejos
601031,HC-SR04,78.81,78.95,OK,9,19892.00,29.88,lejos
602032,HC-SR04,78.81,79.03,OK,9,19892.00,29.83,lejos
603033,HC-SR04,0.00,69.26,OK,9,19892.00,29.78,lejos
604033,HC-SR04,0.00,59.34,OK,9,19892.00,29.73,lejos
605033,HC-SR04,0.00,49.26,OK,9,19892.00,29.68,lejos
606033,HC-SR04,0.00,39.41,OK,9,19892.00,29.64,lejos
607033,HC-SR04,0.00,29.55,OK,9,19892.00,29.59,lejos
608033,HC-SR04,0.00,19.70,ALERTA,9,19892.00,29.70,cerca
609033,HC-SR04,0.00,9.85,ALERTA,9,19892.00,29.82,cerca
610033,HC-SR04,0.00,0.00,ALERTA,9,19892.00,29.93,cerca
611033,HC-SR04,0.00,0.00,ALERTA,9,19892.00,30.05,cerca
612033,HC-SR04,0.00,0.00,ALERTA,9,19892.00,30.16,cerca
613033,HC-SR04,31.99,4.00,ALERTA,9,19892.00,30.28,cerca
614034,HC-SR04,31.98,8.00,ALERTA,9,19892.00,30.39,cerca
615034,HC-SR04,31.98,11.99,ALERTA,9,19892.00,30.51,cerca
616034,HC-SR04,31.98,15.99,ALERTA,9,19892.00,30.62,cerca
617034,HC-SR04,31.98,19.99,ALERTA,9,19892.00,30.73,cerca
618034,HC-SR04,31.98,23.98,ALERTA,9,19892.00,30.84,cerca
619034,HC-SR04,31.98,27.98,OK,10,19002.90,30.79,lejos
620034,HC-SR04,31.98,31.98,OK,10,19002.90,30.74,lejos
621034,HC-SR04,31.99,31.98,OK,10,19002.90,30.69,lejos
622034,HC-SR04,31.99,31.98,OK,10,19002.90,30.65,lejos
623034,HC-SR04,31.98,31.98,OK,10,19002.90,30.60,lejos
624035,HC-SR04,31.98,31.98,OK,10,19002.90,30.55,lejos
625035,HC-SR04,31.98,31.98,OK,10,19002.90,30.50,lejos
626035,HC-SR04,3.79,28.46,OK,10,19002.90,30.45,lejos
627035,HC-SR04,3.79,24.93,OK,10,19002.90,30.40,cerca
628035,HC-SR04,3.79,21.41,OK,10,19002.90,30.35,cerca
629035,HC-SR04,3.79,17.89,ALERTA,10,19002.90,30.46,cerca
630035,HC-SR04,3.77,14.36,ALERTA,10,19002.90,30.57,cerca
631035,HC-SR04,3.79,10.84,ALERTA,10,19002.90,30.68,cerca
632035,HC-SR04,3.77,7.31,ALERTA,10,19002.90,30.79,cerca
633035,HC-SR04,3.79,3.79,ALERTA,10,19002.90,30.90,cerca
634035,HC-SR04,3.79,3.79,ALERTA,10,19002.90,31.01,cerca
635035,HC-SR04,3.79,3.79,ALERTA,10,19002.90,31.12,cerca
636035,HC-SR04,131.22,19.72,ALERTA,10,19002.90,31.23,cerca
637035,HC-SR04,130.68,35.58,OK,11,18002.64,31.18,lejos
638036,HC-SR04,130.83,51.46,OK,11,18002.64,31.13,lejos
639036,HC-SR04,130.75,67.33,OK,11,18002.64,31.08,lejos
640037,HC-SR04,130.80,83.21,OK,11,18002.64,31.03,lejos
641037,HC-SR04,130.80,99.08,OK,11,18002.64,30.99,lejos
642038,HC-SR04,130.71,114.95,OK,11,18002.64,30.94,lejos
643038,HC-SR04,131.48,130.91,OK,11,18002.64,30.89,lejos
644038,HC-SR04,130.80,130.86,OK,11,18002.64,30.84,lejos
645038,HC-SR04,131.48,130.96,OK,11,18002.64,30.79,lejos
646038,HC-SR04,130.78,130.95,OK,11,18002.64,30.75,lejos
647039,HC-SR04,131.48,131.04,OK,11,18002.64,30.70,lejos
648039,HC-SR04,131.48,131.13,OK,11,18002.64,30.65,lejos
649040,HC-SR04,131.48,131.21,OK,11,18002.64,30.60,lejos
650040,HC-SR04,131.48,131.31,OK,11,18002.64,30.56,lejos
651040,HC-SR04,131.48,131.31,OK,11,18002.64,30.51,lejos
652040,HC-SR04,130.80,131.31,OK,11,18002.64,30.46,lejos
653040,HC-SR04,131.48,131.31,OK,11,18002.64,30.41,lejos
654040,HC-SR04,131.48,131.39,OK,11,18002.64,30.37,lejos
655040,HC-SR04,130.71,131.30,OK,11,18002.64,30.32,lejos
656040,HC-SR04,131.48,131.30,OK,11,18002.64,30.28,lejos
657040,HC-SR04,131.50,131.30,OK,11,18002.64,30.23,lejos
658040,HC-SR04,131.48,131.30,OK,11,18002.64,30.18,lejos
659040,HC-SR04,131.48,131.30,OK,11,18002.64,30.14,lejos
660041,HC-SR04,130.78,131.30,OK,11,18002.64,30.09,lejo